Reliability Threshold,Retention Rate (Overall),TP Retention,TP Count,FP Retention,FP Count,FN Retention,FN Count,TN Retention,TN Count
0.0,1.0,1.0,103175/103175,1.0,11014/11014,1.0,22009/22009,1.0,52802/52802
0.4,0.7195767195767195,0.8726920281075842,90040/103175,0.28000726348284,3084/11014,0.38475169248943614,8468/22009,0.6516419832582099,34408/52802
0.6,0.558952380952381,0.7669299733462563,79128/103175,0.09406210277828218,1036/11014,0.1553455404607206,3419/22009,0.4177682663535472,22059/52802
0.8,0.31286772486772485,0.5384443905984977,55554/103175,0.0029961866715089887,33/11014,0.009223499477486482,203/22009,0.06329305708117117,3342/52802
0.9,0.1819100529100529,0.3280930457959777,33851/103175,0.0,0/11014,0.0,0/22009,0.010037498579599258,530/52802
