Reliability Threshold,Retention Rate (Overall),TP Retention,TP Count,FP Retention,FP Count,FN Retention,FN Count,TN Retention,TN Count,Other Retention,Other Count
0.0,1.0,1.0,92498/92498,1.0,14248/14248,1.0,447/447,1.0,49676/49676,1.0,32131/32131
0.4,0.8275185185185185,0.9264416527924928,85694/92498,0.6822711959573273,9721/14248,0.7069351230425056,316/447,0.8118205974716161,40328/49676,0.6330957642152438,20342/32131
0.6,0.5983333333333334,0.8016281433112067,74149/92498,0.352400336889388,5021/14248,0.23042505592841164,103/447,0.5016909574039777,24922/49676,0.2766798418972332,8890/32131
0.8,0.19816402116402115,0.29983350991372787,27734/92498,0.05235822571588995,746/14248,0.020134228187919462,9/447,0.15629277719623158,7764/49676,0.03734711026734307,1200/32131
0.9,0.02683068783068783,0.03947112369997189,3651/92498,0.005755193711398091,82/14248,0.0022371364653243847,1/447,0.02383444721797246,1184/49676,0.004761756559086241,153/32131
